Cancer,Alcohol,Smoke,Betel_Leaf,Tobacco
0,1.5705766869361255,6.072749465077463,2.230130660803965,0.8294056661348078
1,1.4814814814814816,6.666666666666667,2.9629629629629632,0.0
