HealthInsurance,Bike_Insurance,Car_Insurance
0,70.50197405527355,71.91821498260795
1,29.498025944726454,28.08178501739204
