Religion,Household_members,Total_child_born,ChildAlive,Sons_died,Daughters_died
Hindu,6.012543217817802,2.164223240688626,0.9860452234819044,0.05624793403196555,0.04547363154744356
Muslim,6.263453945589269,2.408026394072151,0.9871274812050408,0.04754178159987019,0.03813078046405971
Sikh,6.2680901542111505,1.8995650454725188,0.9881376037959668,0.03795966785290629,0.03242388295769079
othes,5.312715855572998,2.18116169544741,0.9912087912087912,0.04207221350078493,0.027629513343799057
