ResidenceType_Urban,Household_members,Total_child_born,ChildAlive,Sons_died,Daughters_died
Rural,6.073582527559352,2.253132172015501,0.9854396327928063,0.05964295120207683,0.048525151435343694
Urban,5.897417840375587,1.9777665995975855,0.9896042924211939,0.03568075117370892,0.027028839704896043
