Smoke_at_Home,RespDisease,family_count
0,0.7083536883243771,69598
1,1.0655565240914966,66538
